{
    "data": [
        {
            "sentence": "The quick brown fox jumps over the lazy dog."
        },
        {
            "sentence": "My Mum tries to be cool by saying that she likes all the same things that I do."
        },
        {
            "sentence": "A purple pig and a green donkey flew a kite in the middle of the night and ended up sunburnt."
        },
        {
            "sentence": "Last Friday I saw a spotted striped blue worm shake hands with a legless lizard."
        },
        {
            "sentence": "A song can make or ruin a person’s day if they let it get to them."
        },
        {
            "sentence": "Sometimes it is better to just walk away from things and go back to them later when you’re in a better frame of mind."
        },
        {
            "sentence": "Writing a list of random sentences is harder than I initially thought it would be."
        },
        {
            "sentence": "Lets all be unique together until we realise we are all the same."
        },
        {
            "sentence": "If I don’t like something, I’ll stay away from it."
        },
        {
            "sentence": "I love eating toasted cheese and tuna sandwiches."
        },
        {
            "sentence": "If you like tuna and tomato sauce, try combining the two, it’s really not as bad as it sounds."
        },
        {
            "sentence": "Someone I know recently combined Maple Syrup & buttered Popcorn thinking it would taste like caramel popcorn. It didn’t and they don’t recommend anyone else do it either."
        },
        {
            "sentence": "Sometimes, all you need to do is completely make an ass of yourself and laugh it off to realise that life isn’t so bad after all."
        },
        {
            "sentence": "When I was little I had a car door slammed shut on my hand and I still remember it quite vividly."
        },
        {
            "sentence": "The clock within this blog and the clock on my laptop are 1 hour different from each other."
        },
        {
            "sentence": "I want to buy a onesie… but know it won’t suit me."
        },
        {
            "sentence": "I was very proud of my nickname throughout high school but today- I couldn’t be any different to what my nickname was."
        },
        {
            "sentence": "I currently have 4 windows open up… and I don’t know why."
        },
        {
            "sentence": "I often see the time 11:11 or 12:34 on clocks."
        },
        {
            "sentence": "This is the last random sentence I will be writing and I am going to stop mid-sent"
        },
        {
            "sentence": "We need to rent a room for our party."
        },
        {
            "sentence": "Yeah, I think it's a good environment for learning English."
        },
        {
            "sentence": "The lake is a long way from here."
        },
        {
            "sentence": "This is a Japanese doll."
        },
        {
            "sentence": "I hear that Nancy is very pretty."
        },
        {
            "sentence": "She was too short to see over the fence."
        },
        {
            "sentence": "He told us a very exciting adventure story."
        },
        {
            "sentence": "She always speaks to him in a loud voice."
        },
        {
            "sentence": "I want more detailed information."
        },
        {
            "sentence": "I checked to make sure that he was still alive."
        },
        {
            "sentence": "I'd rather be a bird than a fish."
        },
        {
            "sentence": "Mary plays the piano."
        },
        {
            "sentence": "She did her best to help him."
        },
        {
            "sentence": "She borrowed the book from him many years ago and hasn't yet returned it."
        },
        {
            "sentence": "She wrote him a long letter, but he didn't read it."
        },
        {
            "sentence": "Please wait outside of the house."
        },
        {
            "sentence": "Two seats were vacant."
        },
        {
            "sentence": "Tom got a small piece of pie."
        },
        {
            "sentence": "She folded her handkerchief neatly."
        },
        {
            "sentence": "We have a lot of rain in June."
        },
        {
            "sentence": "I am never at home on Sundays."
        },
        {
            "sentence": "Don't step on the broken glass."
        },
        {
            "sentence": "She advised him to come back at once."
        },
        {
            "sentence": "Let me help you with your baggage."
        },
        {
            "sentence": "The book is in front of the table."
        },
        {
            "sentence": "The mysterious diary records the voice."
        },
        {
            "sentence": "The stranger officiates the meal."
        },
        {
            "sentence": "The shooter says goodbye to his love."
        },
        {
            "sentence": "A glittering gem is not enough."
        },
        {
            "sentence": "The memory we used to share is no longer coherent."
        },
        {
            "sentence": "The old apple revels in its authority."
        },
        {
            "sentence": "Rock music approaches at high velocity."
        },
        {
            "sentence": "Sixty-Four comes asking for bread."
        },
        {
            "sentence": "Abstraction is often one floor above you."
        },
        {
            "sentence": "The river stole the gods."
        },
        {
            "sentence": "Joe made the sugar cookies; Susan decorated them."
        },
        {
            "sentence": "The sky is clear; the stars are twinkling."
        },
        {
            "sentence": "The waves were crashing on the shore; it was a lovely sight."
        },
        {
            "sentence": "There were white out conditions in the town; subsequently, the roads were impassable."
        },
        {
            "sentence": "Check back tomorrow; I will see if the book has arrived."
        },
        {
            "sentence": "He said he was not there yesterday; however, many people saw him there."
        },
        {
            "sentence": "I am happy to take your donation; any amount will be greatly appreciated."
        },
        {
            "sentence": "She only paints with bold colors; she does not like pastels."
        },
        {
            "sentence": "She works two jobs to make ends meet; at least, that was her reason for not having time to join us."
        },
        {
            "sentence": "Malls are great places to shop; I can find everything I need under one roof."
        },
        {
            "sentence": "Italy is my favorite country; in fact, I plan to spend two weeks there next year."
        },
        {
            "sentence": "He turned in the research paper on Friday; otherwise, he would have not passed the class."
        },
        {
            "sentence": "She did not cheat on the test, for it was not the right thing to do."
        },
        {
            "sentence": "I think I will buy the red car, or I will lease the blue one."
        },
        {
            "sentence": "I really want to go to work, but I am too sick to drive."
        },
        {
            "sentence": "I am counting my calories, yet I really want dessert."
        },
        {
            "sentence": "He ran out of money, so he had to stop playing poker."
        },
        {
            "sentence": "They got there early, and they got really good seats."
        },
        {
            "sentence": "There was no ice cream in the freezer, nor did they have money to go to the store."
        },
        {
            "sentence": "Everyone was busy, so I went to the movie alone."
        },
        {
            "sentence": "I would have gotten the promotion, but my attendance wasn’t good enough."
        },
        {
            "sentence": "It was getting dark, and we weren’t there yet."
        },
        {
            "sentence": "Cats are good pets, for they are clean and are not noisy."
        },
        {
            "sentence": "We have never been to Asia, nor have we visited Africa."
        },
        {
            "sentence": "He didn’t want to go to the dentist, yet he went anyway."
        },
        {
            "sentence": "Sometimes I stare at a door or a wall and I wonder what is this reality, why am I alive, and what is this all about?"
        },
        {
            "sentence": "All you need to do is pick up the pen and begin."
        },
        {
            "sentence": "Had he known what was going to happen, he would have never stepped into the shower."
        },
        {
            "sentence": "She hadn't had her cup of coffee, and that made things all the worse."
        },
        {
            "sentence": "All she wanted was the answer, but she had no idea how much she would hate it."
        },
        {
            "sentence": "It must be five o'clock somewhere."
        },
        {
            "sentence": "He went back to the video to see what had been recorded and was shocked at what he saw."
        },
        {
            "sentence": "Behind the window was a reflection that only instilled fear."
        },
        {
            "sentence": "That was how he came to win $1 million."
        },
        {
            "sentence": "She could hear him in the shower singing with a joy she hoped he'd retain after she delivered the news."
        },
        {
            "sentence": "As he looked out the window, he saw a clown walk by."
        },
        {
            "sentence": "There should have been a time and a place, but this wasn't it."
        },
        {
            "sentence": "It was the best sandcastle he had ever seen."
        },
        {
            "sentence": "There's an art to getting your way, and spitting olive pits across the table isn't it."
        },
        {
            "sentence": "They say that dogs are man's best friend, but this cat was setting out to sabotage that theory."
        },
        {
            "sentence": "Of course, she loves her pink bunny slippers."
        },
        {
            "sentence": "Don't put peanut butter on the dog's nose."
        },
        {
            "sentence": "She can live her life however she wants as long as she listens to what I have to say."
        },
        {
            "sentence": "There are few things better in life than a slice of pie."
        },
        {
            "sentence": "Not all people who wander are lost."
        },
        {
            "sentence": "The knives were out and she was sharpening hers."
        },
        {
            "sentence": "She felt that chill that makes the hairs on the back of your neck when he walked into the room."
        },
        {
            "sentence": "Don't piss in my garden and tell me you're trying to help my plants grow."
        },
        {
            "sentence": "He found the end of the rainbow and was surprised at what he found there."
        },
        {
            "sentence": "Two more days and all his problems would be solved."
        },
        {
            "sentence": "Love is not like pizza."
        },
        {
            "sentence": "There's a reason that roses have thorns."
        },
        {
            "sentence": "He looked behind the door and didn't like what he saw."
        },
        {
            "sentence": "He fumbled in the darkness looking for the light switch, but when he finally found it there was someone already there."
        },
        {
            "sentence": "He barked orders at his daughters but they just stared back with amusement."
        },
        {
            "sentence": "He had a hidden stash underneath the floorboards in the back room of the house."
        },
        {
            "sentence": "Nobody loves a pig wearing lipstick."
        },
        {
            "sentence": "They called out her name time and again, but were met with nothing but silence."
        },
        {
            "sentence": "He had accidentally hacked into his company's server."
        },
        {
            "sentence": "You can't compare apples and oranges, but what about bananas and plantains?"
        },
        {
            "sentence": "It doesn't sound like that will ever be on my travel list."
        },
        {
            "sentence": "He swore he just saw his sushi move."
        },
        {
            "sentence": "He had reached the point where he was paranoid about being paranoid."
        },
        {
            "sentence": "The sun had set and so had his dreams."
        },
        {
            "sentence": "He learned the important lesson that a picnic at the beach on a windy day is a bad idea."
        },
        {
            "sentence": "Be careful with that butter knife."
        },
        {
            "sentence": "He didn't heed the warning and it had turned out surprisingly well."
        },
        {
            "sentence": "It was a slippery slope and he was willing to slide all the way to the deepest depths."
        },
        {
            "sentence": "He would only survive if he kept the fire going and he could hear thunder in the distance."
        },
        {
            "sentence": "His confidence would have bee admirable if it wasn't for his stupidity."
        },
        {
            "sentence": "She let the balloon float up into the air with her hopes and dreams."
        },
        {
            "sentence": "his seven-layer cake only had six layers."
        },
        {
            "sentence": "There was coal in his stocking and he was thrilled."
        },
        {
            "sentence": "The rusty nail stood erect, angled at a 45-degree angle, just waiting for the perfect barefoot to come along."
        },
        {
            "sentence": "So long and thanks for the fish."
        },
        {
            "sentence": "The random sentence generator generated a random sentence about a random sentence."
        },
        {
            "sentence": "She says she has the ability to hear the soundtrack of your life."
        },
        {
            "sentence": "It turns out you don't need all that stuff you insisted you did."
        },
        {
            "sentence": "The irony of the situation wasn't lost on anyone in the room."
        },
        {
            "sentence": "The truth is that you pay for your lifestyle in hours."
        },
        {
            "sentence": "The light in his life was actually a fire burning all around him."
        },
        {
            "sentence": "Three generations with six decades of life experience."
        },
        {
            "sentence": "Nothing seemed out of place except the washing machine in the bar."
        },
        {
            "sentence": "He decided to live his life by the big beats manifesto."
        },
        {
            "sentence": "The secret ingredient to his wonderful life was crime."
        },
        {
            "sentence": "He was sitting in a trash can with high street class."
        },
        {
            "sentence": "The fact that there's a stairway to heaven and a highway to hell explains life well."
        },
        {
            "sentence": "I met an interesting turtle while the song on the radio blasted away."
        },
        {
            "sentence": "At that moment he wasn't listening to music, he was living an experience."
        },
        {
            "sentence": "This made him feel like an old-style rootbeer float smells."
        },
        {
            "sentence": "In the end, he realized he could see sound and hear words."
        },
        {
            "sentence": "The fish listened intently to what the frogs had to say."
        },
        {
            "sentence": "He stepped gingerly onto the bridge knowing that enchantment awaited on the other side."
        },
        {
            "sentence": "He learned the hardest lesson of his life and had the scars, both physical and mental, to prove it."
        },
        {
            "sentence": "At that moment she realized she had a sixth sense."
        },
        {
            "sentence": "He wondered why at 18 he was old enough to go to war, but not old enough to buy cigarettes."
        },
        {
            "sentence": "She saw no irony asking me to change but wanting me to accept her for who she is."
        },
        {
            "sentence": "The fox in the tophat whispered into the ear of the rabbit."
        },
        {
            "sentence": "There can never be too many cherries on an ice cream sundae."
        },
        {
            "sentence": "The minute she landed she understood the reason this was a fly-over state."
        },
        {
            "sentence": "I just wanted to tell you I could see the love you have for your child by the way you look at her."
        },
        {
            "sentence": "Everyone says they love nature until they realize how dangerous she can be."
        },
        {
            "sentence": "He was willing to find the depths of the rabbit hole in order to be with her."
        },
        {
            "sentence": "She wore green lipstick like a fashion icon."
        },
        {
            "sentence": "Never underestimate the willingness of the greedy to throw you under the bus."
        },
        {
            "sentence": "She finally understood that grief was her love with no place for it to go."
        },
        {
            "sentence": "Each person who knows you has a different perception of who you are."
        },
        {
            "sentence": "The beauty of the African sunset disguised the danger lurking nearby."
        },
        {
            "sentence": "They ran around the corner to find that they had traveled back in time."
        },
        {
            "sentence": "25 years later, she still regretted that specific moment."
        },
        {
            "sentence": "In that instant, everything changed."
        },
        {
            "sentence": "He hated that he loved what she hated about hate."
        },
        {
            "sentence": "Random words in front of other random words create a random sentence."
        },
        {
            "sentence": "The body piercing didn't go exactly as he expected."
        },
        {
            "sentence": "The pigs were insulted that they were named hamburgers."
        },
        {
            "sentence": "It caught him off guard that space smelled of seared steak."
        },
        {
            "sentence": "As he waited for the shower to warm, he noticed that he could hear water change temperature."
        },
        {
            "sentence": "He took one look at what was under the table and noped the hell out of there."
        },
        {
            "sentence": "She found his complete dullness interesting."
        },
        {
            "sentence": "The efficiency we have at removing trash has made creating trash more acceptable."
        },
        {
            "sentence": "The opportunity of a lifetime passed before him as he tried to decide between a cone or a cup."
        },
        {
            "sentence": "One small action would change her life, but whether it would be for better or for worse was yet to be determined."
        },
        {
            "sentence": "It was the scarcity that fueled his creativity."
        },
        {
            "sentence": "Flesh-colored yoga pants were far worse than even he feared."
        },
        {
            "sentence": "He was 100% into fasting with her until he understood that meant he couldn't eat."
        },
        {
            "sentence": "Tuesdays are free if you bring a gnome costume."
        },
        {
            "sentence": "If any cop asks you where you were, just say you were visiting Kansas."
        },
        {
            "sentence": "The crowd yells and screams for more memes."
        },
        {
            "sentence": "They throw cabbage that turns your brain into emotional baggage."
        },
        {
            "sentence": "Potato wedges probably are not best for relationships."
        },
        {
            "sentence": "It would have been a better night if the guys next to us weren't in the splash zone."
        },
        {
            "sentence": "I caught my squirrel rustling through my gym bag."
        },
        {
            "sentence": "You've been eyeing me all day and waiting for your move like a lion stalking a gazelle in a savannah."
        },
        {
            "sentence": "It's not often you find a soggy banana on the street."
        },
        {
            "sentence": "As you consider all the possible ways to improve yourself and the world, you notice John Travolta seems fairly unhappy."
        },
        {
            "sentence": "I purchased a baby clown from the Russian terrorist black market."
        },
        {
            "sentence": "You realize you're not alone as you sit in your bedroom massaging your calves after a long day of playing tug-of-war with Grandpa Joe in the hospital."
        },
        {
            "sentence": "You're unsure whether or not to trust him, but very thankful that you wore a turtle neck."
        },
        {
            "sentence": "Your girlfriend bought your favorite cookie crisp cereal but forgot to get milk."
        },
        {
            "sentence": "He is good at eating pickles and telling women about his emotional problems."
        },
        {
            "sentence": "If my calculator had a history, it would be more embarrassing than my browser history."
        },
        {
            "sentence": "I ate a sock because people on the Internet told me to."
        },
        {
            "sentence": "Stop waiting for exceptional things to just happen."
        },
        {
            "sentence": "Choosing to do nothing is still a choice, after all."
        },
        {
            "sentence": "He was so preoccupied with whether or not he could that he failed to stop to consider if he should."
        },
        {
            "sentence": "Red is greener than purple, for sure."
        },
        {
            "sentence": "On a scale from one to ten, what's your favorite flavor of random grammar?"
        },
        {
            "sentence": "He's in a boy band which doesn't make much sense for a snake."
        },
        {
            "sentence": "He waited for the stop sign to turn to a go sign."
        },
        {
            "sentence": "It's much more difficult to play tennis with a bowling ball than it is to bowl with a tennis ball."
        },
        {
            "sentence": "She had some amazing news to share but nobody to share it with."
        },
        {
            "sentence": "The green tea and avocado smoothie turned out exactly as would be expected."
        },
        {
            "sentence": "When nobody is around, the trees gossip about the people who have walked under them."
        },
        {
            "sentence": "She wanted a pet platypus but ended up getting a duck and a ferret instead."
        },
        {
            "sentence": "It was at that moment that he learned there are certain parts of the body that you should never Nair."
        },
        {
            "sentence": "He realized there had been several deaths on this road, but his concern rose when he saw the exact number."
        },
        {
            "sentence": "The thunderous roar of the jet overhead confirmed her worst fears."
        },
        {
            "sentence": "The best key lime pie is still up for debate."
        },
        {
            "sentence": "Various sea birds are elegant, but nothing is as elegant as a gliding pelican."
        },
        {
            "sentence": "Peanut butter and jelly caused the elderly lady to think about her past."
        },
        {
            "sentence": "He set out for a short walk, but now all he could see were mangroves and water were for miles."
        },
        {
            "sentence": "Everyone was curious about the large white blimp that appeared overnight."
        },
        {
            "sentence": "The Tsunami wave crashed against the raised houses and broke the pilings as if they were toothpicks."
        },
        {
            "sentence": "They wandered into a strange Tiki bar on the edge of the small beach town."
        },
        {
            "sentence": "The tour bus was packed with teenage girls heading toward their next adventure."
        },
        {
            "sentence": "Her hair was windswept as she rode in the black convertible."
        },
        {
            "sentence": "Lightning Paradise was the local hangout joint where the group usually ended up spending the night."
        },
        {
            "sentence": "The thick foliage and intertwined vines made the hike nearly impossible."
        },
        {
            "sentence": "As the rental car rolled to a stop on the dark road, her fear increased by the moment."
        },
        {
            "sentence": "The newly planted trees were held up by wooden frames in hopes they could survive the next storm."
        },
        {
            "sentence": "The gruff old man sat in the back of the bait shop grumbling to himself as he scooped out a handful of worms."
        },
        {
            "sentence": "All they could see was the blue water surrounding their sailboat."
        },
        {
            "sentence": "The urgent care center was flooded with patients after the news of a new deadly virus was made public."
        },
        {
            "sentence": "The sign said there was road work ahead so he decided to speed up."
        },
        {
            "sentence": "The shark-infested South Pine channel was the only way in or out."
        },
        {
            "sentence": "He decided water-skiing on a frozen lake wasn’t a good idea."
        },
        {
            "sentence": "It was always dangerous to drive with him since he insisted the safety cones were a slalom course."
        },
        {
            "sentence": "She was the type of girl who wanted to live in a pink house."
        },
        {
            "sentence": "Her life in the confines of the house became her new normal."
        },
        {
            "sentence": "The near-death experience brought new ideas to light."
        },
        {
            "sentence": "They were excited to see their first sloth."
        },
        {
            "sentence": "The wake behind the boat told of the past while the open sea for told life in the unknown future."
        },
        {
            "sentence": "Even though he thought the world was flat he didn’t see the irony of wanting to travel around the world."
        },
        {
            "sentence": "He wondered if it could be called a beach if there was no sand."
        },
        {
            "sentence": "Thigh-high in the water, the fisherman’s hope for dinner soon turned to despair."
        },
        {
            "sentence": "Combines are no longer just for farms."
        },
        {
            "sentence": "The small white buoys marked the location of hundreds of crab pots."
        },
        {
            "sentence": "The snow-covered path was no help in finding his way out of the back-country."
        },
        {
            "sentence": "The waitress was not amused when he ordered green eggs and ham."
        },
        {
            "sentence": "Buried deep in the snow, he hoped his batteries were fresh in his avalanche beacon."
        },
        {
            "sentence": "Courage and stupidity were all he had."
        },
        {
            "sentence": "I don’t respect anybody who can’t tell the difference between Pepsi and Coke."
        },
        {
            "sentence": "As the years pass by, we all know owners look more and more like their dogs."
        },
        {
            "sentence": "In hopes of finding out the truth, he entered the one-room library."
        },
        {
            "sentence": "As he entered the church he could hear the soft voice of someone whispering into a cell phone."
        },
        {
            "sentence": "He quietly entered the museum as the super bowl started."
        },
        {
            "sentence": "He had concluded that pigs must be able to fly in Hog Heaven."
        },
        {
            "sentence": "The rain pelted the windshield as the darkness engulfed us."
        },
        {
            "sentence": "Beach-combing replaced wine tasting as his new obsession."
        },
        {
            "sentence": "The blinking lights of the antenna tower came into focus just as I heard a loud snap."
        },
        {
            "sentence": "People generally approve of dogs eating cat food but not cats eating dog food."
        },
        {
            "sentence": "Car safety systems have come a long way, but he was out to prove they could be outsmarted."
        },
        {
            "sentence": "They looked up at the sky and saw a million stars."
        },
        {
            "sentence": "She opened up her third bottle of wine of the night."
        },
        {
            "sentence": "With a single flip of the coin, his life changed forever."
        },
        {
            "sentence": "The tart lemonade quenched her thirst, but not her longing."
        },
        {
            "sentence": "He was the type of guy who liked Christmas lights on his house in the middle of July."
        },
        {
            "sentence": "Toddlers feeding raccoons surprised even the seasoned park ranger."
        },
        {
            "sentence": "She was disgusted he couldn’t tell the difference between lemonade and limeade."
        },
        {
            "sentence": "Whenever he saw a red flag warning at the beach he grabbed his surfboard."
        },
        {
            "sentence": "Twin 4-month-olds slept in the shade of the palm tree while the mother tanned in the sun."
        },
        {
            "sentence": "He always wore his sunglasses at night."
        },
        {
            "sentence": "The three-year-old girl ran down the beach as the kite flew behind her."
        },
        {
            "sentence": "While on the first date he accidentally hit his head on the beam."
        },
        {
            "sentence": "Her scream silenced the rowdy teenagers."
        },
        {
            "sentence": "After exploring the abandoned building, he started to believe in ghosts."
        },
        {
            "sentence": "The view from the lighthouse excited even the most seasoned traveler."
        },
        {
            "sentence": "He wondered if she would appreciate his toenail collection."
        },
        {
            "sentence": "Some bathing suits just shouldn’t be worn by some people."
        },
        {
            "sentence": "His son quipped that power bars were nothing more than adult candy bars."
        },
        {
            "sentence": "Pantyhose and heels are an interesting choice of attire for the beach."
        },
        {
            "sentence": "She did a happy dance because all of the socks from the dryer matched."
        },
        {
            "sentence": "She wasn't sure whether to be impressed or concerned that he folded underwear in neat little packages."
        },
        {
            "sentence": "When she didn’t like a guy who was trying to pick her up, she started using sign language."
        },
        {
            "sentence": "The delicious aroma from the kitchen was ruined by cigarette smoke."
        },
        {
            "sentence": "Swim at your own risk was taken as a challenge for the group of Kansas City college students."
        },
        {
            "sentence": "She wondered what his eyes were saying beneath his mirrored sunglasses."
        },
        {
            "sentence": "The ants enjoyed the barbecue more than the family."
        },
        {
            "sentence": "They did nothing as the raccoon attacked the lady’s bag of food."
        },
        {
            "sentence": "When he had to picnic on the beach, he purposely put sand in other people’s food."
        },
        {
            "sentence": "The trick to getting kids to eat anything is to put catchup on it."
        },
        {
            "sentence": "The beauty of the sunset was obscured by the industrial cranes."
        },
        {
            "sentence": "He stomped on his fruit loops and thus became a cereal killer."
        },
        {
            "sentence": "He walked into the basement with the horror movie from the night before playing in his head."
        },
        {
            "sentence": "She saw the brake lights, but not in time."
        },
        {
            "sentence": "No matter how beautiful the sunset, it saddened her knowing she was one day older."
        },
        {
            "sentence": "She lived on Monkey Jungle Road and that seemed to explain all of her strangeness."
        },
        {
            "sentence": "When motorists sped in and out of traffic, all she could think of was those in need of a transplant."
        },
        {
            "sentence": "The tortoise jumped into the lake with dreams of becoming a sea turtle."
        },
        {
            "sentence": "For the 216th time, he said he would quit drinking soda after this last Coke."
        },
        {
            "sentence": "Lucifer was surprised at the amount of life at Death Valley."
        },
        {
            "sentence": "It had been sixteen days since the zombies first attacked."
        },
        {
            "sentence": "Charles ate the french fries knowing they would be his last meal."
        },
        {
            "sentence": "She had the gift of being able to paint songs."
        },
        {
            "sentence": "Carol drank the blood as if she were a vampire."
        },
        {
            "sentence": "He drank life before spitting it out."
        },
        {
            "sentence": "He dreamed of eating green apples with worms."
        },
        {
            "sentence": "Dolores wouldn't have eaten the meal if she had known what it actually was."
        },
        {
            "sentence": "Greetings from the real universe."
        },
        {
            "sentence": "There's a message for you if you look up."
        },
        {
            "sentence": "He found the chocolate covered roaches quite tasty."
        },
        {
            "sentence": "It dawned on her that others could make her happier, but only she could make herself happy."
        },
        {
            "sentence": "She tilted her head back and let whip cream stream into her mouth while taking a bath."
        },
        {
            "sentence": "Jeanne wished she has chosen the red button."
        },
        {
            "sentence": "It was her first experience training a rainbow unicorn."
        },
        {
            "sentence": "He uses onomatopoeia as a weapon of mental destruction."
        },
        {
            "sentence": "Weather is not trivial - it's especially important when you're standing in it."
        },
        {
            "sentence": "I may struggle with geography, but I'm sure I'm somewhere around here."
        },
        {
            "sentence": "It's a skateboarding penguin with a sunhat!"
        },
        {
            "sentence": "If you don't like toenails, you probably shouldn't look at your feet."
        },
        {
            "sentence": "We will not allow you to bring your pet armadillo along."
        },
        {
            "sentence": "When he encountered maize for the first time, he thought it incredibly corny."
        },
        {
            "sentence": "He used to get confused between soldiers and shoulders, but as a military man, he now soldiers responsibility."
        },
        {
            "sentence": "Just go ahead and press that button."
        },
        {
            "sentence": "Going from child, to childish, to childlike is only a matter of time."
        },
        {
            "sentence": "My dentist tells me that chewing bricks is very bad for your teeth."
        },
        {
            "sentence": "He was disappointed when he found the beach to be so sandy and the sun so sunny."
        },
        {
            "sentence": "She is never happy until she finds something to be unhappy about; then, she is overjoyed."
        },
        {
            "sentence": "I would be delighted if the sea were full of cucumber juice."
        },
        {
            "sentence": "The busker hoped that the people passing by would throw money, but they threw tomatoes instead, so he exchanged his hat for a juicer."
        },
        {
            "sentence": "I love bacon, beer, birds, and baboons."
        },
        {
            "sentence": "I come from a tribe of head-hunters, so I will never need a shrink."
        },
        {
            "sentence": "You're good at English when you know the difference between a man eating chicken and a man-eating chicken."
        },
        {
            "sentence": "I'm confused: when people ask me what's up, and I point, they groan."
        },
        {
            "sentence": "The pet shop stocks everything you need to keep your anaconda happy."
        },
        {
            "sentence": "This book is sure to liquefy your brain."
        },
        {
            "sentence": "People who insist on picking their teeth with their elbows are so annoying!"
        },
        {
            "sentence": "He enjoys practicing his ballet in the bathroom."
        },
        {
            "sentence": "Separation anxiety is what happens when you can't find your phone."
        },
        {
            "sentence": "Improve your goldfish's physical fitness by getting him a bicycle."
        },
        {
            "sentence": "Nudist colonies shun fig-leaf couture."
        },
        {
            "sentence": "A kangaroo is really just a rabbit on steroids."
        },
        {
            "sentence": "When transplanting seedlings, candied teapots will make the task easier."
        },
        {
            "sentence": "Before he moved to the inner city, he had always believed that security complexes were psychological."
        },
        {
            "sentence": "Pair your designer cowboy hat with scuba gear for a memorable occasion."
        },
        {
            "sentence": "For oil spots on the floor, nothing beats parking a motorbike in the lounge."
        },
        {
            "sentence": "Standing on one's head at job interviews forms a lasting impression."
        },
        {
            "sentence": "Every manager should be able to recite at least ten nursery rhymes backward."
        },
        {
            "sentence": "Truth in advertising and dinosaurs with skateboards have much in common."
        },
        {
            "sentence": "Nothing is as cautiously cuddly as a pet porcupine."
        },
        {
            "sentence": "Nobody has encountered an explosive daisy and lived to tell the tale."
        },
        {
            "sentence": "Iron pyrite is the most foolish of all minerals."
        },
        {
            "sentence": "A suit of armor provides excellent sun protection on hot days."
        },
        {
            "sentence": "I am my aunt's sister's daughter."
        },
        {
            "sentence": "Wisdom is easily acquired when hiding under the bed with a saucepan on your head."
        },
        {
            "sentence": "Everybody should read Chaucer to improve their everyday vocabulary."
        },
        {
            "sentence": "He is no James Bond; his name is Roger Moore."
        },
        {
            "sentence": "I like to leave work after my eight-hour tea-break."
        },
        {
            "sentence": "Getting up at dawn is for the birds."
        },
        {
            "sentence": "If eating three-egg omelets causes weight-gain, budgie eggs are a good substitute."
        },
        {
            "sentence": "Shakespeare was a famous 17th-century diesel mechanic."
        },
        {
            "sentence": "Hit me with your pet shark!"
        },
        {
            "sentence": "The Japanese yen for commerce is still well-known."
        },
        {
            "sentence": "The Guinea fowl flies through the air with all the grace of a turtle."
        },
        {
            "sentence": "Fluffy pink unicorns are a popular status symbol among macho men."
        },
        {
            "sentence": "She cried diamonds."
        },
        {
            "sentence": "Dan took the deep dive down the rabbit hole."
        },
        {
            "sentence": "Erin accidentally created a new universe."
        },
        {
            "sentence": "The door slammed on the watermelon."
        },
        {
            "sentence": "Eating eggs on Thursday for choir practice was recommended."
        },
        {
            "sentence": "Pink horses galloped across the sea."
        },
        {
            "sentence": "Flying fish flew by the space station."
        },
        {
            "sentence": "He colored deep space a soft yellow."
        },
        {
            "sentence": "Dan ate the clouds like cotton candy."
        },
        {
            "sentence": "He found a leprechaun in his walnut shell."
        },
        {
            "sentence": "Bill ran from the giraffe toward the dolphin."
        },
        {
            "sentence": "It didn't make sense unless you had the power to eat colors."
        },
        {
            "sentence": "Patricia loves the sound of nails strongly pressed against the chalkboard."
        },
        {
            "sentence": "He didn't understand why the bird wanted to ride the bicycle."
        },
        {
            "sentence": "Garlic ice-cream was her favorite."
        },
        {
            "sentence": "Smoky the Bear secretly started the fires."
        },
        {
            "sentence": "Pat ordered a ghost pepper pie."
        },
        {
            "sentence": "You have every right to be angry, but that doesn't give you the right to be mean."
        },
        {
            "sentence": "Andy loved to sleep on a bed of nails."
        },
        {
            "sentence": "Her daily goal was to improve on yesterday."
        },
        {
            "sentence": "She had a habit of taking showers in lemonade."
        },
        {
            "sentence": "The elephant didn't want to talk about the person in the room."
        },
        {
            "sentence": "The skeleton had skeletons of his own in the closet."
        },
        {
            "sentence": "Even with the snow falling outside, she felt it appropriate to wear her bikini."
        },
        {
            "sentence": "He was sure the Devil created red sparkly glitter."
        },
        {
            "sentence": "He wore the surgical mask in public not to keep from catching a virus, but to keep people away from him."
        },
        {
            "sentence": "Doris enjoyed tapping her nails on the table to annoy everyone."
        },
        {
            "sentence": "Nobody questions who built the pyramids in Mexico."
        },
        {
            "sentence": "He figured a few sticks of dynamite were easier than a fishing pole to catch fish."
        },
        {
            "sentence": "When money was tight, he'd get his lunch money from the local wishing well."
        },
        {
            "sentence": "The father died during childbirth."
        },
        {
            "sentence": "Plans for this weekend include turning wine into water."
        },
        {
            "sentence": "Iguanas were falling out of the trees."
        },
        {
            "sentence": "I covered my friend in baby oil."
        },
        {
            "sentence": "Art doesn't have to be intentional."
        },
        {
            "sentence": "Now I need to ponder my existence and ask myself if I'm truly real"
        },
        {
            "sentence": "We should play with legos at camp."
        },
        {
            "sentence": "I’m a living furnace."
        },
        {
            "sentence": "Please tell me you don't work in a morgue."
        },
        {
            "sentence": "We have young kids who often walk into our room at night for various reasons including clowns in the closet."
        },
        {
            "sentence": "8% of 25 is the same as 25% of 8 and one of them is much easier to do in your head."
        },
        {
            "sentence": "You bite up because of your lower jaw."
        },
        {
            "sentence": "Most shark attacks occur about 10 feet from the beach since that's where the people are."
        },
        {
            "sentence": "I’m working on a sweet potato farm."
        },
        {
            "sentence": "David subscribes to the \"stuff your tent into the bag\" strategy over nicely folding it."
        },
        {
            "sentence": "He invested some skill points in Charisma and Strength."
        },
        {
            "sentence": "I'm a great listener, really good with empathy vs sympathy and all that, but I hate people."
        },
        {
            "sentence": "He excelled at firing people nicely."
        },
        {
            "sentence": "When I cook spaghetti, I like to boil it a few minutes past al dente so the noodles are super slippery."
        },
        {
            "sentence": "Joyce enjoyed eating pancakes with ketchup."
        },
        {
            "sentence": "She was sad to hear that fireflies are facing extinction due to artificial light, habitat loss, and pesticides."
        },
        {
            "sentence": "He decided that the time had come to be stronger than any of the excuses he'd used until then."
        },
        {
            "sentence": "The door swung open to reveal pink giraffes and red elephants."
        },
        {
            "sentence": "She traveled because it cost the same as therapy and was a lot more enjoyable."
        },
        {
            "sentence": "The paintbrush was angry at the color the artist chose to use."
        },
        {
            "sentence": "The bees decided to have a mutiny against their queen."
        },
        {
            "sentence": "His ultimate dream fantasy consisted of being content and sleeping eight hours in a row."
        },
        {
            "sentence": "She looked into the mirror and saw another person."
        },
        {
            "sentence": "There aren't enough towels in the world to stop the sewage flowing from his mouth."
        },
        {
            "sentence": "He had a vague sense that trees gave birth to dinosaurs."
        },
        {
            "sentence": "The doll spun around in circles in hopes of coming alive."
        },
        {
            "sentence": "Grape jelly was leaking out the hole in the roof."
        },
        {
            "sentence": "Chocolate covered crickets were his favorite snack."
        },
        {
            "sentence": "The secret code they created made no sense, even to them."
        },
        {
            "sentence": "Three years later, the coffin was still full of Jello."
        },
        {
            "sentence": "His mind was blown that there was nothing in space except space itself."
        },
        {
            "sentence": "They're playing the piano while flying in the plane."
        },
        {
            "sentence": "The hand sanitizer was actually clear glue."
        },
        {
            "sentence": "The lyrics of the song sounded like fingernails on a chalkboard."
        },
        {
            "sentence": "It took him a month to finish the meal."
        },
        {
            "sentence": "Seek success, but always be prepared for random cats."
        },
        {
            "sentence": "Having no hair made him look even hairier."
        },
        {
            "sentence": "He poured rocks in the dungeon of his mind."
        },
        {
            "sentence": "The blue parrot drove by the hitchhiking mongoose."
        },
        {
            "sentence": "Happiness can be found in the depths of chocolate pudding."
        },
        {
            "sentence": "There are no heroes in a punk rock band."
        },
        {
            "sentence": "He shaved the peach to prove a point."
        },
        {
            "sentence": "Peanuts don't grow on trees, but cashews do."
        },
        {
            "sentence": "It's difficult to understand the lengths he'd go to remain short."
        },
        {
            "sentence": "He created a pig burger out of beef."
        },
        {
            "sentence": "His thought process was on so many levels that he gave himself a phobia of heights."
        },
        {
            "sentence": "He liked to play with words in the bathtub."
        },
        {
            "sentence": "There were three sphered rocks congregating in a cubed room."
        },
        {
            "sentence": "There was no telling what thoughts would come from the machine."
        },
        {
            "sentence": "He put heat on the wound to see what would grow."
        },
        {
            "sentence": "She used her own hair in the soup to give it more flavor."
        },
        {
            "sentence": "Sometimes you have to just give up and win by cheating."
        },
        {
            "sentence": "The toy brought back fond memories of being lost in the rain forest."
        },
        {
            "sentence": "She couldn't decide of the glass was half empty or half full so she drank it."
        },
        {
            "sentence": "He wasn't bitter that she had moved on but from the radish."
        },
        {
            "sentence": "He had decided to accept his fate of accepting his fate."
        },
        {
            "sentence": "The clouds formed beautiful animals in the sky that eventually created a tornado to wreak havoc."
        },
        {
            "sentence": "The swirled lollipop had issues with the pop rock candy."
        },
        {
            "sentence": "He picked up trash in his spare time to dump in his neighbor's yard."
        },
        {
            "sentence": "The fish dreamed of escaping the fishbowl and into the toilet where he saw his friend go."
        },
        {
            "sentence": "It was a really good Monday for being a Saturday."
        },
        {
            "sentence": "Greetings from the galaxy MACS0647-JD, or what we call home."
        },
        {
            "sentence": "He was surprised that his immense laziness was inspirational to others."
        },
        {
            "sentence": "He had unknowingly taken up sleepwalking as a nighttime hobby."
        },
        {
            "sentence": "He spiked his hair green to support his iguana."
        },
        {
            "sentence": "The fifty mannequin heads floating in the pool kind of freaked them out."
        },
        {
            "sentence": "Although it wasn't a pot of gold, Nancy was still enthralled at what she found at the end of the rainbow."
        },
        {
            "sentence": "After fighting off the alligator, Brian still had to face the anaconda."
        },
        {
            "sentence": "It didn't take long for Gary to detect the robbers were amateurs."
        },
        {
            "sentence": "He embraced his new life as an eggplant."
        },
        {
            "sentence": "Karen realized the only way she was getting into heaven was to cheat."
        },
        {
            "sentence": "He loved eating his bananas in hot dog buns."
        },
        {
            "sentence": "Thirty years later, she still thought it was okay to put the toilet paper roll under rather than over."
        },
        {
            "sentence": "Facing his greatest fear, he ate his first marshmallow."
        },
        {
            "sentence": "He found his art never progressed when he literally used his sweat and tears."
        },
        {
            "sentence": "Nancy was proud that she ran a tight shipwreck."
        },
        {
            "sentence": "It took him a while to realize that everything he decided not to change, he was actually choosing."
        },
        {
            "sentence": "It was difficult for Mary to admit that most of her workout consisted of exercising poor judgment."
        },
        {
            "sentence": "Jason lived his life by the motto, \"Anything worth doing is worth doing poorly."
        },
        {
            "sentence": "David proudly graduated from high school top of his class at age 97."
        },
        {
            "sentence": "The murder hornet was disappointed by the preconceived ideas people had of him."
        },
        {
            "sentence": "The two walked down the slot canyon oblivious to the sound of thunder in the distance."
        },
        {
            "sentence": "She was amazed by the large chunks of ice washing up on the beach."
        },
        {
            "sentence": "Gary didn't understand why Doug went upstairs to get one dollar bills when he invited him to go cow tipping."
        },
        {
            "sentence": "The beach was crowded with snow leopards."
        },
        {
            "sentence": "As the asteroid hurtled toward earth, Becky was upset her dentist appointment had been canceled."
        },
        {
            "sentence": "She looked at the masterpiece hanging in the museum but all she could think is that her five-year-old could do better."
        },
        {
            "sentence": "The white water rafting trip was suddenly halted by the unexpected brick wall."
        },
        {
            "sentence": "She always had an interesting perspective on why the world must be flat."
        },
        {
            "sentence": "The sudden rainstorm washed crocodiles into the ocean."
        },
        {
            "sentence": "Harrold felt confident that nobody would ever suspect his spy pigeon."
        },
        {
            "sentence": "He knew it was going to be a bad day when he saw mountain lions roaming the streets."
        },
        {
            "sentence": "He decided to fake his disappearance to avoid jail."
        },
        {
            "sentence": "He ended up burning his fingers poking someone else's fire."
        },
        {
            "sentence": "She had a difficult time owning up to her own crazy self."
        },
        {
            "sentence": "She was too busy always talking about what she wanted to do to actually do any of it."
        },
        {
            "sentence": "She had that tint of craziness in her soul that made her believe she could actually make a difference."
        },
        {
            "sentence": "He kept telling himself that one day it would all somehow make sense."
        },
        {
            "sentence": "She moved forward only because she trusted that the ending she now was going through must be followed by a new beginning."
        },
        {
            "sentence": "While all her friends were positive that Mary had a sixth sense, she knew she actually had a seventh sense."
        },
        {
            "sentence": "He had a wall full of masks so she could wear a different face every day."
        },
        {
            "sentence": "The group quickly understood that toxic waste was the most effective barrier to use against the zombies."
        },
        {
            "sentence": "There have been days when I wished to be separated from my body, but today wasn’t one of those days."
        },
        {
            "sentence": "To the surprise of everyone, the Rapture happened yesterday but it didn't quite go as expected."
        },
        {
            "sentence": "The bullet pierced the window shattering it before missing Danny's head by mere millimeters."
        },
        {
            "sentence": "The complicated school homework left the parents trying to help their kids quite confused."
        },
        {
            "sentence": "Too many prisons have become early coffins."
        },
        {
            "sentence": "The external scars tell only part of the story."
        },
        {
            "sentence": "Excitement replaced fear until the final moment."
        },
        {
            "sentence": "The tattered work gloves speak of the many hours of hard labor he endured throughout his life."
        },
        {
            "sentence": "The hummingbird's wings blurred while it eagerly sipped the sugar water from the feeder."
        },
        {
            "sentence": "Poison ivy grew through the fence they said was impenetrable."
        },
        {
            "sentence": "Watching the geriatric men’s softball team brought back memories of 3 yr olds playing t-ball."
        },
        {
            "sentence": "The teens wondered what was kept in the red shed on the far edge of the school grounds."
        },
        {
            "sentence": "He strives to keep the best lawn in the neighborhood."
        },
        {
            "sentence": "The spa attendant applied the deep cleaning mask to the gentleman’s back."
        },
        {
            "sentence": "Shingle color was not something the couple had ever talked about."
        },
        {
            "sentence": "The sunblock was handed to the girl before practice, but the burned skin was proof she did not apply it."
        },
        {
            "sentence": "The virus had powers none of us knew existed."
        },
        {
            "sentence": "A quiet house is nice until you are ordered to stay in it for months."
        },
        {
            "sentence": "As time wore on, simple dog commands turned into full paragraphs explaining why the dog couldn’t do something."
        },
        {
            "sentence": "Mothers spend months of their lives waiting on their children."
        },
        {
            "sentence": "The team members were hard to tell apart since they all wore their hair in a ponytail."
        },
        {
            "sentence": "She learned that water bottles are no longer just to hold liquid, but they're also status symbols."
        },
        {
            "sentence": "Their argument could be heard across the parking lot."
        },
        {
            "sentence": "Giving directions that the mountains are to the west only works when you can see them."
        },
        {
            "sentence": "Traveling became almost extinct during the pandemic."
        },
        {
            "sentence": "It was obvious she was hot, sweaty, and tired."
        },
        {
            "sentence": "The Great Dane looked more like a horse than a dog."
        },
        {
            "sentence": "He played the game as if his life depended on it and the truth was that it did."
        },
        {
            "sentence": "It's not possible to convince a monkey to give you a banana by promising it infinite bananas when they die."
        },
        {
            "sentence": "He went on a whiskey diet and immediately lost three days."
        },
        {
            "sentence": "He watched the dancing piglets with panda bear tummies in the swimming pool."
        },
        {
            "sentence": "Martha came to the conclusion that shake weights are a great gift for any occasion."
        },
        {
            "sentence": "She had convinced her kids that any mushroom found on the ground would kill them if they touched it."
        },
        {
            "sentence": "As she walked along the street and looked in the gutter, she realized facemasks had become the new cigarette butts."
        },
        {
            "sentence": "Mary realized if her calculator had a history, it would be more embarrassing than her computer browser history."
        },
        {
            "sentence": "The tree fell unexpectedly short."
        },
        {
            "sentence": "Tomorrow will bring something new, so leave today as a memory."
        },
        {
            "sentence": "Today I dressed my unicorn in preparation for the race."
        },
        {
            "sentence": "Today is the day I'll finally know what brick tastes like."
        },
        {
            "sentence": "Today we gathered moss for my uncle's wedding."
        },
        {
            "sentence": "Today I heard something new and unmemorable."
        },
        {
            "sentence": "Today arrived with a crash of my car through the garage door."
        },
        {
            "sentence": "He found rain fascinating yet unpleasant."
        },
        {
            "sentence": "He appeared to be confusingly perplexed."
        },
        {
            "sentence": "She thought there'd be sufficient time if she hid her watch."
        },
        {
            "sentence": "You'll see the rainbow bridge after it rains cats and dogs."
        },
        {
            "sentence": "A dead duck doesn't fly backward."
        },
        {
            "sentence": "I thought red would have felt warmer in summer but I didn't think about the equator."
        },
        {
            "sentence": "Green should have smelled more tranquil, but somehow it just tasted rotten."
        },
        {
            "sentence": "Blue sounded too cold at the time and yet it seemed to work for gin."
        },
        {
            "sentence": "Warm beer on a cold day isn't my idea of fun."
        },
        {
            "sentence": "Honestly, I didn't care much for the first season, so I didn't bother with the second."
        },
        {
            "sentence": "The light that burns twice as bright burns half as long."
        },
        {
            "sentence": "I liked their first two albums but changed my mind after that charity gig."
        },
        {
            "sentence": "They improved dramatically once the lead singer left."
        },
        {
            "sentence": "They desperately needed another drummer since the current one only knew how to play bongos."
        },
        {
            "sentence": "People keep telling me \"orange\" but I still prefer \"pink\"."
        },
        {
            "sentence": "Hang on, my kittens are scratching at the bathtub and they'll upset by the lack of biscuits."
        },
        {
            "sentence": "The tears of a clown make my lipstick run, but my shower cap is still intact."
        },
        {
            "sentence": "The gloves protect my feet from excess work."
        },
        {
            "sentence": "The fog was so dense even a laser decided it wasn't worth the effort."
        },
        {
            "sentence": "He was an introvert that extroverts seemed to love."
        },
        {
            "sentence": "The golden retriever loved the fireworks each Fourth of July."
        },
        {
            "sentence": "I want a giraffe, but I'm a turtle eating waffles."
        },
        {
            "sentence": "Henry couldn't decide if he was an auto mechanic or a priest."
        },
        {
            "sentence": "100 years old is such a young age if you happen to be a bristlecone pine."
        },
        {
            "sentence": "When he asked her favorite number, she answered without hesitation that it was diamonds."
        },
        {
            "sentence": "My biggest joy is roasting almonds while stalking prey."
        },
        {
            "sentence": "Edith could decide if she should paint her teeth or brush her nails."
        },
        {
            "sentence": "It was the first time he had ever seen someone cook dinner on an elephant."
        },
        {
            "sentence": "Purple is the best city in the forest."
        },
        {
            "sentence": "There is no better feeling than staring at a wall with closed eyes."
        },
        {
            "sentence": "She couldn't understand why nobody else could see that the sky is full of cotton candy."
        },
        {
            "sentence": "He decided to count all the sand on the beach as a hobby."
        },
        {
            "sentence": "My uncle's favorite pastime was building cars out of noodles."
        },
        {
            "sentence": "The best part of marriage is animal crackers with peanut butter."
        },
        {
            "sentence": "There are over 500 starfish in the bathroom drawer."
        },
        {
            "sentence": "She insisted that cleaning out your closet was the key to good driving."
        },
        {
            "sentence": "Baby wipes are made of chocolate stardust."
        },
        {
            "sentence": "Best friends are like old tomatoes and shoelaces."
        },
        {
            "sentence": "Situps are a terrible way to end your day."
        },
        {
            "sentence": "Cursive writing is the best way to build a race track."
        },
        {
            "sentence": "Waffles are always better without fire ants and fleas."
        },
        {
            "sentence": "The bird had a belief that it was really a groundhog."
        },
        {
            "sentence": "Jenny made the announcement that her baby was an alien."
        },
        {
            "sentence": "He felt that dining on the bridge brought romance to his relationship with his cat."
        },
        {
            "sentence": "She wanted to be rescued, but only if it was Tuesday and raining."
        },
        {
            "sentence": "She was the type of girl that always burnt sugar to show she cared."
        },
        {
            "sentence": "I was offended by the suggestion that my baby brother was a jewel thief."
        },
        {
            "sentence": "Just because the water is red doesn't mean you can't drink it."
        },
        {
            "sentence": "Today I bought a raincoat and wore it on a sunny day."
        },
        {
            "sentence": "Everyone pretends to like wheat until you mention barley."
        },
        {
            "sentence": "Please put on these earmuffs because I can't you hear."
        },
        {
            "sentence": "That is an appealing treasure map that I can't read."
        },
        {
            "sentence": "Jerry liked to look at paintings while eating garlic ice cream."
        },
        {
            "sentence": "I've always wanted to go to Tajikistan, but my cat would miss me."
        },
        {
            "sentence": "If you spin around three times, you'll start to feel melancholy."
        },
        {
            "sentence": "I used to live in my neighbor's fishpond, but the aesthetic wasn't to my taste."
        },
        {
            "sentence": "Imagine his surprise when he discovered that the safe was full of pudding."
        },
        {
            "sentence": "I only enjoy window shopping when the windows are transparent."
        },
        {
            "sentence": "He was the only member of the club who didn't like plum pudding."
        },
        {
            "sentence": "You should never take advice from someone who thinks red paint dries quicker than blue paint."
        },
        {
            "sentence": "I was fishing for compliments and accidentally caught a trout."
        },
        {
            "sentence": "It isn't true that my mattress is made of cotton candy."
        },
        {
            "sentence": "I received a heavy fine but it failed to crush my spirit."
        },
        {
            "sentence": "Mr. Montoya knows the way to the bakery even though he's never been there."
        },
        {
            "sentence": "I never knew what hardship looked like until it started raining bowling balls."
        },
        {
            "sentence": "It isn't difficult to do a handstand if you just stand on your hands."
        },
        {
            "sentence": "Strawberries must be the one food that doesn't go well with this brand of paint."
        },
        {
            "sentence": "I'd always thought lightning was something only I could see."
        },
        {
            "sentence": "We're careful about orange ping pong balls because people might think they're fruit."
        },
        {
            "sentence": "The worst thing about being at the top of the career ladder is that there's a long way to fall."
        },
        {
            "sentence": "Always bring cinnamon buns on a deep-sea diving expedition."
        },
        {
            "sentence": "There's no reason a hula hoop can't also be a circus ring."
        },
        {
            "sentence": "It took me too long to realize that the ceiling hadn't been painted to look like the sky."
        },
        {
            "sentence": "Sarah ran from the serial killer holding a jug of milk."
        },
        {
            "sentence": "Gwen had her best sleep ever on her new bed of nails."
        },
        {
            "sentence": "He never understood why what, when, and where left out who."
        },
        {
            "sentence": "Douglas figured the best way to succeed was to do the opposite of what he'd been doing all his life."
        },
        {
            "sentence": "Patricia found the meaning of life in a bowl of Cheerios."
        },
        {
            "sentence": "I'll have you know I've written over fifty novels"
        },
        {
            "sentence": "That must be the tenth time I've been arrested for selling deep-fried cigars."
        },
        {
            "sentence": "Being unacquainted with the chief raccoon was harming his prospects for promotion."
        },
        {
            "sentence": "The sight of his goatee made me want to run and hide under my sister-in-law's bed."
        },
        {
            "sentence": "The most exciting eureka moment I've had was when I realized that the instructions on food packets were just guidelines."
        },
        {
            "sentence": "It must be easy to commit crimes as a snake because you don't have to worry about leaving fingerprints."
        },
        {
            "sentence": "I've traveled all around Africa and still haven't found the gnu who stole my scarf."
        },
        {
            "sentence": "At that moment I was the most fearsome weasel in the entire swamp."
        },
        {
            "sentence": "The chic gangster liked to start the day with a pink scarf."
        },
        {
            "sentence": "She was only made the society president because she can whistle with her toes."
        },
        {
            "sentence": "At last"
        },
        {
            "sentence": "The changing of down comforters to cotton bedspreads always meant the squirrels had returned."
        },
        {
            "sentence": "Written warnings in instruction manuals are worthless since rabbits can't read."
        },
        {
            "sentence": "Barking dogs and screaming toddlers have the unique ability to turn friendly neighbors into cranky enemies."
        },
        {
            "sentence": "The furnace repairman indicated the heating system was acting as an air conditioner."
        },
        {
            "sentence": "The water flowing down the river didn’t look that powerful from the car"
        },
        {
            "sentence": "The bread dough reminded her of Santa Clause’s belly."
        },
        {
            "sentence": "Little Red Riding Hood decided to wear orange today."
        },
        {
            "sentence": "The stench from the feedlot permeated the car despite having the air conditioning on recycled air."
        },
        {
            "sentence": "Joe discovered that traffic cones make excellent megaphones."
        },
        {
            "sentence": "Nancy decided to make the porta-potty her home."
        },
        {
            "sentence": "Acres of almond trees lined the interstate highway which complimented the crazy driving nuts."
        },
        {
            "sentence": "They decided to plant an orchard of cotton candy."
        },
        {
            "sentence": "Tomatoes make great weapons when water balloons aren’t available."
        },
        {
            "sentence": "The tumbleweed refused to tumble but was more than willing to prance."
        },
        {
            "sentence": "Nancy thought the best way to create a welcoming home was to line it with barbed wire."
        },
        {
            "sentence": "The underground bunker was filled with chips and candy."
        },
        {
            "sentence": "The dead trees waited to be ignited by the smallest spark and seek their revenge."
        },
        {
            "sentence": "The overpass went under the highway and into a secret world."
        },
        {
            "sentence": "His get rich quick scheme was to grow a cactus farm."
        },
        {
            "sentence": "Siri became confused when we reused to follow her directions."
        },
        {
            "sentence": "With the high wind warning"
        },
        {
            "sentence": "She found it strange that people use their cellphones to actually talk to one another."
        },
        {
            "sentence": "The reservoir water level continued to lower while we enjoyed our long shower."
        },
        {
            "sentence": "Peter found road kill an excellent way to save money on dinner."
        },
        {
            "sentence": "Trash covered the landscape like sprinkles do a birthday cake."
        },
        {
            "sentence": "The ice-cream trucks bring back bad memories for all of us."
        },
        {
            "sentence": "Karen believed all traffic laws should be obeyed by all except herself."
        },
        {
            "sentence": "They finished building the road they knew no one would ever use."
        },
        {
            "sentence": "When confronted with a rotary dial phone the teenager was perplexed."
        },
        {
            "sentence": "The glacier came alive as the climbers hiked closer."
        },
        {
            "sentence": "Normal activities took extraordinary amounts of concentration at the high altitude."
        },
        {
            "sentence": "The heat"
        },
        {
            "sentence": "Boulders lined the side of the road foretelling what could come next."
        },
        {
            "sentence": "The fence was confused about whether it was supposed to keep things in or keep things out."
        },
        {
            "sentence": "Homesickness became contagious in the young campers' cabin."
        },
        {
            "sentence": "The toddler’s endless tantrum caused the entire plane anxiety."
        },
        {
            "sentence": "The manager of the fruit stand always sat and only sold vegetables."
        },
        {
            "sentence": "The hawk didn’t understand why the ground squirrels didn’t want to be his friend."
        },
        {
            "sentence": "Jim liked driving around town with his hazard lights on."
        },
        {
            "sentence": "Mom didn’t understand why no one else wanted a hot tub full of jello."
        },
        {
            "sentence": "Instead of a bachelorette party"
        },
        {
            "sentence": "The family’s excitement over going to Disneyland was crazier than she anticipated."
        },
        {
            "sentence": "The old rusted farm equipment surrounded the house predicting its demise."
        },
        {
            "sentence": "Her fragrance of choice was fresh garlic."
        },
        {
            "sentence": "Jason didn’t understand why his parents wouldn’t let him sell his little sister at the garage sale."
        },
        {
            "sentence": "The father handed each child a roadmap at the beginning of the 2-day road trip and explained it was so they could find their way home."
        },
        {
            "sentence": "More RVs were seen in the storage lot than at the campground."
        },
        {
            "sentence": "As he dangled from the rope deep inside the crevasse"
        },
        {
            "sentence": "On each full moon"
        },
        {
            "sentence": "The elderly neighborhood became enraged over the coyotes who had been blamed for the poodle’s disappearance."
        },
        {
            "sentence": "The wooden spoon couldn’t cut but left emotional scars."
        },
        {
            "sentence": "Kevin embraced his ability to be at the wrong place at the wrong time."
        },
        {
            "sentence": "She discovered van life is difficult with 2 cats and a dog."
        },
        {
            "sentence": "He dreamed of leaving his law firm to open a portable dog wash."
        },
        {
            "sentence": "Despite multiple complications and her near-death experience"
        },
        {
            "sentence": "The teenage boy was accused of breaking his arm simply to get out of the test."
        },
        {
            "sentence": "The bug was having an excellent day until he hit the windshield."
        },
        {
            "sentence": "He was all business when he wore his clown suit."
        },
        {
            "sentence": "The miniature pet elephant became the envy of the neighborhood."
        },
        {
            "sentence": "The child’s favorite Christmas gift was the large box her father’s lawnmower came in."
        },
        {
            "sentence": "Flash photography is best used in full sunlight."
        },
        {
            "sentence": "The llama couldn't resist trying the lemonade."
        },
        {
            "sentence": "I used to practice weaving with spaghetti three hours a day but stopped because I didn't want to die alone."
        },
        {
            "sentence": "I cheated while playing the darts tournament by using a longbow."
        },
        {
            "sentence": "I had a friend in high school named Rick Shaw, but he was fairly useless as a mode of transport."
        },
        {
            "sentence": "The balloons floated away along with all my hopes and dreams."
        },
        {
            "sentence": "There were a lot of paintings of monkeys waving bamboo sticks in the gallery."
        },
        {
            "sentence": "The anaconda was the greatest criminal mastermind in this part of the neighborhood."
        },
        {
            "sentence": "They say people remember important moments in their life well, yet no one even remembers their own birth."
        },
        {
            "sentence": "I was starting to worry that my pet turtle could tell what I was thinking."
        },
        {
            "sentence": "I always dreamed about being stranded on a desert island until it actually happened."
        },
        {
            "sentence": "It's important to remember to be aware of rampaging grizzly bears."
        },
        {
            "sentence": "The estate agent quickly marked out his territory on the dance floor."
        },
        {
            "sentence": "If you really strain your ears, you can just about hear the sound of no one giving a damn."
        },
        {
            "sentence": "I honestly find her about as intimidating as a basket of kittens."
        },
        {
            "sentence": "It's never comforting to know that your fate depends on something as unpredictable as the popping of corn."
        },
        {
            "sentence": "Despite what your teacher may have told you, there is a wrong way to wield a lasso."
        },
        {
            "sentence": "I made myself a peanut butter sandwich as I didn't want to subsist on veggie crackers."
        },
        {
            "sentence": "A good example of a useful vegetable is medicinal rhubarb."
        },
        {
            "sentence": "I became paranoid that the school of jellyfish was spying on me."
        },
        {
            "sentence": "It's always a good idea to seek shelter from the evil gaze of the sun."
        },
        {
            "sentence": "I know many children ask for a pony, but I wanted a bicycle with rockets strapped to it."
        },
        {
            "sentence": "For some unfathomable reason, the response team didn't consider a lack of milk for my cereal as a proper emergency."
        },
        {
            "sentence": "After coating myself in vegetable oil I found my success rate skyrocketed."
        },
        {
            "sentence": "The efficiency with which he paired the socks in the drawer was quite admirable."
        },
        {
            "sentence": "I trust everything that's written in purple ink."
        },
        {
            "sentence": "I'm not a party animal, but I do like animal parties."
        },
        {
            "sentence": "I've never seen a more beautiful brandy glass filled with wine."
        },
        {
            "sentence": "Everything was going so well until I was accosted by a purple giraffe."
        },
        {
            "sentence": "There's a growing trend among teenagers of using frisbees as go-cart wheels."
        },
        {
            "sentence": "You have no right to call yourself creative until you look at a trowel and think that it would make a great lockpick."
        },
        {
            "sentence": "I can't believe this is the eighth time I'm smashing open my piggy bank on the same day!"
        },
        {
            "sentence": "There's probably enough glass in my cupboard to build an undersea aquarium."
        },
        {
            "sentence": "I'm worried by the fact that my daughter looks to the local carpet seller as a role model."
        },
        {
            "sentence": "My secretary is the only person who truly understands my stamp-collecting obsession."
        },
        {
            "sentence": "It's never been my responsibility to glaze the donuts."
        }
    ]
}